Ref,Val,Package,PosX,PosY,Side
F1,0.15,Disp,1.55,-31.0,top
F2,0.15,Disp,1.85,-31.0,top
F3,0.15,Disp,2.15,-31.0,top
F4,0.15,Disp,2.45,-31.0,top
F5,0.15,Disp,2.75,-31.0,top
F6,0.15,Disp,3.05,-31.0,top
F7,0.15,Disp,3.35,-31.0,top
F8,0.15,Disp,3.65,-31.0,top
F9,0.15,Disp,3.95,-31.0,top
F10,0.15,Disp,4.25,-31.0,top
F11,0.15,Disp,4.55,-31.0,top
F12,0.15,Disp,31.45,-31.0,top
F13,0.15,Disp,31.75,-31.0,top
F14,0.15,Disp,32.05,-31.0,top
F15,0.15,Disp,32.35,-31.0,top
F16,0.15,Disp,32.65,-31.0,top
F17,0.15,Disp,32.95,-31.0,top
F18,0.15,Disp,33.25,-31.0,top
F19,0.15,Disp,33.55,-31.0,top
F20,0.15,Disp,33.85,-31.0,top
F21,0.15,Disp,34.15,-31.0,top
F22,0.15,Disp,34.45,-31.0,top
F23,0.15,Disp,1.25,-30.7,top
F24,0.15,Disp,1.55,-30.7,top
F25,0.15,Disp,1.85,-30.7,top
F26,0.15,Disp,2.15,-30.7,top
F27,0.15,Disp,2.45,-30.7,top
F28,0.15,Disp,2.75,-30.7,top
F29,0.15,Disp,3.05,-30.7,top
F30,0.15,Disp,3.35,-30.7,top
F31,0.15,Disp,3.65,-30.7,top
F32,0.15,Disp,3.95,-30.7,top
F33,0.15,Disp,4.25,-30.7,top
F34,0.15,Disp,4.55,-30.7,top
F35,0.15,Disp,4.85,-30.7,top
F36,0.15,Disp,31.15,-30.7,top
F37,0.15,Disp,31.45,-30.7,top
F38,0.15,Disp,31.75,-30.7,top
F39,0.15,Disp,32.05,-30.7,top
F40,0.15,Disp,32.35,-30.7,top
F41,0.15,Disp,32.65,-30.7,top
F42,0.15,Disp,32.95,-30.7,top
F43,0.15,Disp,33.25,-30.7,top
F44,0.15,Disp,33.55,-30.7,top
F45,0.15,Disp,33.85,-30.7,top
F46,0.15,Disp,34.15,-30.7,top
F47,0.15,Disp,34.45,-30.7,top
F48,0.15,Disp,34.75,-30.7,top
F49,0.15,Disp,0.95,-30.4,top
F50,0.15,Disp,1.25,-30.4,top
F51,0.15,Disp,1.55,-30.4,top
F52,0.15,Disp,1.85,-30.4,top
F53,0.15,Disp,2.15,-30.4,top
F54,0.15,Disp,2.45,-30.4,top
F55,0.15,Disp,2.75,-30.4,top
F56,0.15,Disp,3.05,-30.4,top
F57,0.15,Disp,3.35,-30.4,top
F58,0.15,Disp,3.65,-30.4,top
F59,0.15,Disp,3.95,-30.4,top
F60,0.15,Disp,4.25,-30.4,top
F61,0.15,Disp,4.55,-30.4,top
F62,0.15,Disp,4.85,-30.4,top
F63,0.15,Disp,5.15,-30.4,top
F64,0.15,Disp,30.85,-30.4,top
F65,0.15,Disp,31.15,-30.4,top
F66,0.15,Disp,31.45,-30.4,top
F67,0.15,Disp,31.75,-30.4,top
F68,0.15,Disp,32.05,-30.4,top
F69,0.15,Disp,32.35,-30.4,top
F70,0.15,Disp,32.65,-30.4,top
F71,0.15,Disp,32.95,-30.4,top
F72,0.15,Disp,33.25,-30.4,top
F73,0.15,Disp,33.55,-30.4,top
F74,0.15,Disp,33.85,-30.4,top
F75,0.15,Disp,34.15,-30.4,top
F76,0.15,Disp,34.45,-30.4,top
F77,0.15,Disp,34.75,-30.4,top
F78,0.15,Disp,35.05,-30.4,top
F79,0.15,Disp,0.95,-30.1,top
F80,0.15,Disp,1.25,-30.1,top
F81,0.15,Disp,1.55,-30.1,top
F82,0.15,Disp,1.85,-30.1,top
F83,0.15,Disp,2.15,-30.1,top
F84,0.15,Disp,2.45,-30.1,top
F85,0.15,Disp,2.75,-30.1,top
F86,0.15,Disp,3.05,-30.1,top
F87,0.15,Disp,3.35,-30.1,top
F88,0.15,Disp,3.65,-30.1,top
F89,0.15,Disp,3.95,-30.1,top
F90,0.15,Disp,4.25,-30.1,top
F91,0.15,Disp,4.55,-30.1,top
F92,0.15,Disp,4.85,-30.1,top
F93,0.15,Disp,5.15,-30.1,top
F94,0.15,Disp,30.85,-30.1,top
F95,0.15,Disp,31.15,-30.1,top
F96,0.15,Disp,31.45,-30.1,top
F97,0.15,Disp,31.75,-30.1,top
F98,0.15,Disp,32.05,-30.1,top
F99,0.15,Disp,32.35,-30.1,top
F100,0.15,Disp,32.65,-30.1,top
F101,0.15,Disp,32.95,-30.1,top
F102,0.15,Disp,33.25,-30.1,top
F103,0.15,Disp,33.55,-30.1,top
F104,0.15,Disp,33.85,-30.1,top
F105,0.15,Disp,34.15,-30.1,top
F106,0.15,Disp,34.45,-30.1,top
F107,0.15,Disp,34.75,-30.1,top
F108,0.15,Disp,35.05,-30.1,top
F109,0.15,Disp,0.95,-29.8,top
F110,0.15,Disp,1.25,-29.8,top
F111,0.15,Disp,1.55,-29.8,top
F112,0.15,Disp,1.85,-29.8,top
F113,0.15,Disp,2.15,-29.8,top
F114,0.15,Disp,2.45,-29.8,top
F115,0.15,Disp,2.75,-29.8,top
F116,0.15,Disp,3.05,-29.8,top
F117,0.15,Disp,3.35,-29.8,top
F118,0.15,Disp,3.65,-29.8,top
F119,0.15,Disp,3.95,-29.8,top
F120,0.15,Disp,4.25,-29.8,top
F121,0.15,Disp,4.55,-29.8,top
F122,0.15,Disp,4.85,-29.8,top
F123,0.15,Disp,5.15,-29.8,top
F124,0.15,Disp,30.85,-29.8,top
F125,0.15,Disp,31.15,-29.8,top
F126,0.15,Disp,31.45,-29.8,top
F127,0.15,Disp,31.75,-29.8,top
F128,0.15,Disp,32.05,-29.8,top
F129,0.15,Disp,32.35,-29.8,top
F130,0.15,Disp,32.65,-29.8,top
F131,0.15,Disp,32.95,-29.8,top
F132,0.15,Disp,33.25,-29.8,top
F133,0.15,Disp,33.55,-29.8,top
F134,0.15,Disp,33.85,-29.8,top
F135,0.15,Disp,34.15,-29.8,top
F136,0.15,Disp,34.45,-29.8,top
F137,0.15,Disp,34.75,-29.8,top
F138,0.15,Disp,35.05,-29.8,top
F139,0.15,Disp,0.95,-29.5,top
F140,0.15,Disp,1.25,-29.5,top
F141,0.15,Disp,1.55,-29.5,top
F142,0.15,Disp,1.85,-29.5,top
F143,0.15,Disp,2.15,-29.5,top
F144,0.15,Disp,2.45,-29.5,top
F145,0.15,Disp,2.75,-29.5,top
F146,0.15,Disp,3.05,-29.5,top
F147,0.15,Disp,3.35,-29.5,top
F148,0.15,Disp,3.65,-29.5,top
F149,0.15,Disp,3.95,-29.5,top
F150,0.15,Disp,4.25,-29.5,top
F151,0.15,Disp,4.55,-29.5,top
F152,0.15,Disp,4.85,-29.5,top
F153,0.15,Disp,5.15,-29.5,top
F154,0.15,Disp,30.85,-29.5,top
F155,0.15,Disp,31.15,-29.5,top
F156,0.15,Disp,31.45,-29.5,top
F157,0.15,Disp,31.75,-29.5,top
F158,0.15,Disp,32.05,-29.5,top
F159,0.15,Disp,32.35,-29.5,top
F160,0.15,Disp,32.65,-29.5,top
F161,0.15,Disp,32.95,-29.5,top
F162,0.15,Disp,33.25,-29.5,top
F163,0.15,Disp,33.55,-29.5,top
F164,0.15,Disp,33.85,-29.5,top
F165,0.15,Disp,34.15,-29.5,top
F166,0.15,Disp,34.45,-29.5,top
F167,0.15,Disp,34.75,-29.5,top
F168,0.15,Disp,35.05,-29.5,top
F169,0.15,Disp,0.95,-29.2,top
F170,0.15,Disp,1.25,-29.2,top
F171,0.15,Disp,1.55,-29.2,top
F172,0.15,Disp,1.85,-29.2,top
F173,0.15,Disp,2.15,-29.2,top
F174,0.15,Disp,2.45,-29.2,top
F175,0.15,Disp,2.75,-29.2,top
F176,0.15,Disp,3.05,-29.2,top
F177,0.15,Disp,3.35,-29.2,top
F178,0.15,Disp,3.65,-29.2,top
F179,0.15,Disp,3.95,-29.2,top
F180,0.15,Disp,4.25,-29.2,top
F181,0.15,Disp,4.55,-29.2,top
F182,0.15,Disp,4.85,-29.2,top
F183,0.15,Disp,5.15,-29.2,top
F184,0.15,Disp,30.85,-29.2,top
F185,0.15,Disp,31.15,-29.2,top
F186,0.15,Disp,31.45,-29.2,top
F187,0.15,Disp,31.75,-29.2,top
F188,0.15,Disp,32.05,-29.2,top
F189,0.15,Disp,32.35,-29.2,top
F190,0.15,Disp,32.65,-29.2,top
F191,0.15,Disp,32.95,-29.2,top
F192,0.15,Disp,33.25,-29.2,top
F193,0.15,Disp,33.55,-29.2,top
F194,0.15,Disp,33.85,-29.2,top
F195,0.15,Disp,34.15,-29.2,top
F196,0.15,Disp,34.45,-29.2,top
F197,0.15,Disp,34.75,-29.2,top
F198,0.15,Disp,35.05,-29.2,top
F199,0.15,Disp,1.25,-28.9,top
F200,0.15,Disp,1.55,-28.9,top
F201,0.15,Disp,1.85,-28.9,top
F202,0.15,Disp,2.15,-28.9,top
F203,0.15,Disp,2.45,-28.9,top
F204,0.15,Disp,2.75,-28.9,top
F205,0.15,Disp,3.05,-28.9,top
F206,0.15,Disp,3.35,-28.9,top
F207,0.15,Disp,3.65,-28.9,top
F208,0.15,Disp,3.95,-28.9,top
F209,0.15,Disp,4.25,-28.9,top
F210,0.15,Disp,4.55,-28.9,top
F211,0.15,Disp,4.85,-28.9,top
F212,0.15,Disp,31.15,-28.9,top
F213,0.15,Disp,31.45,-28.9,top
F214,0.15,Disp,31.75,-28.9,top
F215,0.15,Disp,32.05,-28.9,top
F216,0.15,Disp,32.35,-28.9,top
F217,0.15,Disp,32.65,-28.9,top
F218,0.15,Disp,32.95,-28.9,top
F219,0.15,Disp,33.25,-28.9,top
F220,0.15,Disp,33.55,-28.9,top
F221,0.15,Disp,33.85,-28.9,top
F222,0.15,Disp,34.15,-28.9,top
F223,0.15,Disp,34.45,-28.9,top
F224,0.15,Disp,34.75,-28.9,top
F225,0.15,Disp,1.55,-28.6,top
F226,0.15,Disp,1.85,-28.6,top
F227,0.15,Disp,2.15,-28.6,top
F228,0.15,Disp,2.45,-28.6,top
F229,0.15,Disp,2.75,-28.6,top
F230,0.15,Disp,3.05,-28.6,top
F231,0.15,Disp,3.35,-28.6,top
F232,0.15,Disp,3.65,-28.6,top
F233,0.15,Disp,3.95,-28.6,top
F234,0.15,Disp,4.25,-28.6,top
F235,0.15,Disp,4.55,-28.6,top
F236,0.15,Disp,31.45,-28.6,top
F237,0.15,Disp,31.75,-28.6,top
F238,0.15,Disp,32.05,-28.6,top
F239,0.15,Disp,32.35,-28.6,top
F240,0.15,Disp,32.65,-28.6,top
F241,0.15,Disp,32.95,-28.6,top
F242,0.15,Disp,33.25,-28.6,top
F243,0.15,Disp,33.55,-28.6,top
F244,0.15,Disp,33.85,-28.6,top
F245,0.15,Disp,34.15,-28.6,top
F246,0.15,Disp,34.45,-28.6,top
F247,0.15,Disp,9.25,-25.22,top
F248,0.15,Disp,9.55,-25.22,top
F249,0.15,Disp,9.85,-25.22,top
F250,0.15,Disp,10.15,-25.22,top
F251,0.15,Disp,10.45,-25.22,top
F252,0.15,Disp,10.75,-25.22,top
F253,0.15,Disp,11.05,-25.22,top
F254,0.15,Disp,11.35,-25.22,top
F255,0.15,Disp,11.65,-25.22,top
F256,0.15,Disp,24.35,-25.22,top
F257,0.15,Disp,24.65,-25.22,top
F258,0.15,Disp,24.95,-25.22,top
F259,0.15,Disp,25.25,-25.22,top
F260,0.15,Disp,25.55,-25.22,top
F261,0.15,Disp,25.85,-25.22,top
F262,0.15,Disp,26.15,-25.22,top
F263,0.15,Disp,26.45,-25.22,top
F264,0.15,Disp,26.75,-25.22,top
F265,0.15,Disp,8.95,-24.92,top
F266,0.15,Disp,9.25,-24.92,top
F267,0.15,Disp,9.55,-24.92,top
F268,0.15,Disp,9.85,-24.92,top
F269,0.15,Disp,10.15,-24.92,top
F270,0.15,Disp,10.45,-24.92,top
F271,0.15,Disp,10.75,-24.92,top
F272,0.15,Disp,11.05,-24.92,top
F273,0.15,Disp,11.35,-24.92,top
F274,0.15,Disp,11.65,-24.92,top
F275,0.15,Disp,24.05,-24.92,top
F276,0.15,Disp,24.35,-24.92,top
F277,0.15,Disp,24.65,-24.92,top
F278,0.15,Disp,24.95,-24.92,top
F279,0.15,Disp,25.25,-24.92,top
F280,0.15,Disp,25.55,-24.92,top
F281,0.15,Disp,25.85,-24.92,top
F282,0.15,Disp,26.15,-24.92,top
F283,0.15,Disp,26.45,-24.92,top
F284,0.15,Disp,26.75,-24.92,top
F285,0.15,Disp,9.25,-24.62,top
F286,0.15,Disp,9.55,-24.62,top
F287,0.15,Disp,9.85,-24.62,top
F288,0.15,Disp,10.15,-24.62,top
F289,0.15,Disp,10.45,-24.62,top
F290,0.15,Disp,10.75,-24.62,top
F291,0.15,Disp,11.05,-24.62,top
F292,0.15,Disp,11.35,-24.62,top
F293,0.15,Disp,11.65,-24.62,top
F294,0.15,Disp,24.35,-24.62,top
F295,0.15,Disp,24.65,-24.62,top
F296,0.15,Disp,24.95,-24.62,top
F297,0.15,Disp,25.25,-24.62,top
F298,0.15,Disp,25.55,-24.62,top
F299,0.15,Disp,25.85,-24.62,top
F300,0.15,Disp,26.15,-24.62,top
F301,0.15,Disp,26.45,-24.62,top
F302,0.15,Disp,26.75,-24.62,top
F303,0.15,Disp,9.25,-24.2,top
F304,0.15,Disp,9.55,-24.2,top
F305,0.15,Disp,9.85,-24.2,top
F306,0.15,Disp,10.15,-24.2,top
F307,0.15,Disp,10.45,-24.2,top
F308,0.15,Disp,10.75,-24.2,top
F309,0.15,Disp,11.05,-24.2,top
F310,0.15,Disp,11.35,-24.2,top
F311,0.15,Disp,11.65,-24.2,top
F312,0.15,Disp,24.35,-24.2,top
F313,0.15,Disp,24.65,-24.2,top
F314,0.15,Disp,24.95,-24.2,top
F315,0.15,Disp,25.25,-24.2,top
F316,0.15,Disp,25.55,-24.2,top
F317,0.15,Disp,25.85,-24.2,top
F318,0.15,Disp,26.15,-24.2,top
F319,0.15,Disp,26.45,-24.2,top
F320,0.15,Disp,26.75,-24.2,top
F321,0.15,Disp,8.95,-23.9,top
F322,0.15,Disp,9.25,-23.9,top
F323,0.15,Disp,9.55,-23.9,top
F324,0.15,Disp,9.85,-23.9,top
F325,0.15,Disp,10.15,-23.9,top
F326,0.15,Disp,10.45,-23.9,top
F327,0.15,Disp,10.75,-23.9,top
F328,0.15,Disp,11.05,-23.9,top
F329,0.15,Disp,11.35,-23.9,top
F330,0.15,Disp,11.65,-23.9,top
F331,0.15,Disp,24.05,-23.9,top
F332,0.15,Disp,24.35,-23.9,top
F333,0.15,Disp,24.65,-23.9,top
F334,0.15,Disp,24.95,-23.9,top
F335,0.15,Disp,25.25,-23.9,top
F336,0.15,Disp,25.55,-23.9,top
F337,0.15,Disp,25.85,-23.9,top
F338,0.15,Disp,26.15,-23.9,top
F339,0.15,Disp,26.45,-23.9,top
F340,0.15,Disp,26.75,-23.9,top
F341,0.15,Disp,9.25,-23.6,top
F342,0.15,Disp,9.55,-23.6,top
F343,0.15,Disp,9.85,-23.6,top
F344,0.15,Disp,10.15,-23.6,top
F345,0.15,Disp,10.45,-23.6,top
F346,0.15,Disp,10.75,-23.6,top
F347,0.15,Disp,11.05,-23.6,top
F348,0.15,Disp,11.35,-23.6,top
F349,0.15,Disp,11.65,-23.6,top
F350,0.15,Disp,24.35,-23.6,top
F351,0.15,Disp,24.65,-23.6,top
F352,0.15,Disp,24.95,-23.6,top
F353,0.15,Disp,25.25,-23.6,top
F354,0.15,Disp,25.55,-23.6,top
F355,0.15,Disp,25.85,-23.6,top
F356,0.15,Disp,26.15,-23.6,top
F357,0.15,Disp,26.45,-23.6,top
F358,0.15,Disp,26.75,-23.6,top
F359,0.15,Disp,9.25,-23.18,top
F360,0.15,Disp,9.55,-23.18,top
F361,0.15,Disp,9.85,-23.18,top
F362,0.15,Disp,10.15,-23.18,top
F363,0.15,Disp,10.45,-23.18,top
F364,0.15,Disp,10.75,-23.18,top
F365,0.15,Disp,11.05,-23.18,top
F366,0.15,Disp,11.35,-23.18,top
F367,0.15,Disp,11.65,-23.18,top
F368,0.15,Disp,24.35,-23.18,top
F369,0.15,Disp,24.65,-23.18,top
F370,0.15,Disp,24.95,-23.18,top
F371,0.15,Disp,25.25,-23.18,top
F372,0.15,Disp,25.55,-23.18,top
F373,0.15,Disp,25.85,-23.18,top
F374,0.15,Disp,26.15,-23.18,top
F375,0.15,Disp,26.45,-23.18,top
F376,0.15,Disp,26.75,-23.18,top
F377,0.15,Disp,8.95,-22.88,top
F378,0.15,Disp,9.25,-22.88,top
F379,0.15,Disp,9.55,-22.88,top
F380,0.15,Disp,9.85,-22.88,top
F381,0.15,Disp,10.15,-22.88,top
F382,0.15,Disp,10.45,-22.88,top
F383,0.15,Disp,10.75,-22.88,top
F384,0.15,Disp,11.05,-22.88,top
F385,0.15,Disp,11.35,-22.88,top
F386,0.15,Disp,11.65,-22.88,top
F387,0.15,Disp,24.05,-22.88,top
F388,0.15,Disp,24.35,-22.88,top
F389,0.15,Disp,24.65,-22.88,top
F390,0.15,Disp,24.95,-22.88,top
F391,0.15,Disp,25.25,-22.88,top
F392,0.15,Disp,25.55,-22.88,top
F393,0.15,Disp,25.85,-22.88,top
F394,0.15,Disp,26.15,-22.88,top
F395,0.15,Disp,26.45,-22.88,top
F396,0.15,Disp,26.75,-22.88,top
F397,0.15,Disp,9.25,-22.58,top
F398,0.15,Disp,9.55,-22.58,top
F399,0.15,Disp,9.85,-22.58,top
F400,0.15,Disp,10.15,-22.58,top
F401,0.15,Disp,10.45,-22.58,top
F402,0.15,Disp,10.75,-22.58,top
F403,0.15,Disp,11.05,-22.58,top
F404,0.15,Disp,11.35,-22.58,top
F405,0.15,Disp,11.65,-22.58,top
F406,0.15,Disp,24.35,-22.58,top
F407,0.15,Disp,24.65,-22.58,top
F408,0.15,Disp,24.95,-22.58,top
F409,0.15,Disp,25.25,-22.58,top
F410,0.15,Disp,25.55,-22.58,top
F411,0.15,Disp,25.85,-22.58,top
F412,0.15,Disp,26.15,-22.58,top
F413,0.15,Disp,26.45,-22.58,top
F414,0.15,Disp,26.75,-22.58,top
F415,0.15,Disp,9.25,-22.16,top
F416,0.15,Disp,9.55,-22.16,top
F417,0.15,Disp,9.85,-22.16,top
F418,0.15,Disp,10.15,-22.16,top
F419,0.15,Disp,10.45,-22.16,top
F420,0.15,Disp,10.75,-22.16,top
F421,0.15,Disp,11.05,-22.16,top
F422,0.15,Disp,11.35,-22.16,top
F423,0.15,Disp,11.65,-22.16,top
F424,0.15,Disp,24.35,-22.16,top
F425,0.15,Disp,24.65,-22.16,top
F426,0.15,Disp,24.95,-22.16,top
F427,0.15,Disp,25.25,-22.16,top
F428,0.15,Disp,25.55,-22.16,top
F429,0.15,Disp,25.85,-22.16,top
F430,0.15,Disp,26.15,-22.16,top
F431,0.15,Disp,26.45,-22.16,top
F432,0.15,Disp,26.75,-22.16,top
F433,0.15,Disp,8.95,-21.86,top
F434,0.15,Disp,9.25,-21.86,top
F435,0.15,Disp,9.55,-21.86,top
F436,0.15,Disp,9.85,-21.86,top
F437,0.15,Disp,10.15,-21.86,top
F438,0.15,Disp,10.45,-21.86,top
F439,0.15,Disp,10.75,-21.86,top
F440,0.15,Disp,11.05,-21.86,top
F441,0.15,Disp,11.35,-21.86,top
F442,0.15,Disp,11.65,-21.86,top
F443,0.15,Disp,24.05,-21.86,top
F444,0.15,Disp,24.35,-21.86,top
F445,0.15,Disp,24.65,-21.86,top
F446,0.15,Disp,24.95,-21.86,top
F447,0.15,Disp,25.25,-21.86,top
F448,0.15,Disp,25.55,-21.86,top
F449,0.15,Disp,25.85,-21.86,top
F450,0.15,Disp,26.15,-21.86,top
F451,0.15,Disp,26.45,-21.86,top
F452,0.15,Disp,26.75,-21.86,top
F453,0.15,Disp,9.25,-21.56,top
F454,0.15,Disp,9.55,-21.56,top
F455,0.15,Disp,9.85,-21.56,top
F456,0.15,Disp,10.15,-21.56,top
F457,0.15,Disp,10.45,-21.56,top
F458,0.15,Disp,10.75,-21.56,top
F459,0.15,Disp,11.05,-21.56,top
F460,0.15,Disp,11.35,-21.56,top
F461,0.15,Disp,11.65,-21.56,top
F462,0.15,Disp,24.35,-21.56,top
F463,0.15,Disp,24.65,-21.56,top
F464,0.15,Disp,24.95,-21.56,top
F465,0.15,Disp,25.25,-21.56,top
F466,0.15,Disp,25.55,-21.56,top
F467,0.15,Disp,25.85,-21.56,top
F468,0.15,Disp,26.15,-21.56,top
F469,0.15,Disp,26.45,-21.56,top
F470,0.15,Disp,26.75,-21.56,top
F471,0.15,Disp,9.25,-21.14,top
F472,0.15,Disp,9.55,-21.14,top
F473,0.15,Disp,9.85,-21.14,top
F474,0.15,Disp,10.15,-21.14,top
F475,0.15,Disp,10.45,-21.14,top
F476,0.15,Disp,10.75,-21.14,top
F477,0.15,Disp,11.05,-21.14,top
F478,0.15,Disp,11.35,-21.14,top
F479,0.15,Disp,11.65,-21.14,top
F480,0.15,Disp,24.35,-21.14,top
F481,0.15,Disp,24.65,-21.14,top
F482,0.15,Disp,24.95,-21.14,top
F483,0.15,Disp,25.25,-21.14,top
F484,0.15,Disp,25.55,-21.14,top
F485,0.15,Disp,25.85,-21.14,top
F486,0.15,Disp,26.15,-21.14,top
F487,0.15,Disp,26.45,-21.14,top
F488,0.15,Disp,26.75,-21.14,top
F489,0.15,Disp,8.95,-20.84,top
F490,0.15,Disp,9.25,-20.84,top
F491,0.15,Disp,9.55,-20.84,top
F492,0.15,Disp,9.85,-20.84,top
F493,0.15,Disp,10.15,-20.84,top
F494,0.15,Disp,10.45,-20.84,top
F495,0.15,Disp,10.75,-20.84,top
F496,0.15,Disp,11.05,-20.84,top
F497,0.15,Disp,11.35,-20.84,top
F498,0.15,Disp,11.65,-20.84,top
F499,0.15,Disp,24.05,-20.84,top
F500,0.15,Disp,24.35,-20.84,top
F501,0.15,Disp,24.65,-20.84,top
F502,0.15,Disp,24.95,-20.84,top
F503,0.15,Disp,25.25,-20.84,top
F504,0.15,Disp,25.55,-20.84,top
F505,0.15,Disp,25.85,-20.84,top
F506,0.15,Disp,26.15,-20.84,top
F507,0.15,Disp,26.45,-20.84,top
F508,0.15,Disp,26.75,-20.84,top
F509,0.15,Disp,9.25,-20.54,top
F510,0.15,Disp,9.55,-20.54,top
F511,0.15,Disp,9.85,-20.54,top
F512,0.15,Disp,10.15,-20.54,top
F513,0.15,Disp,10.45,-20.54,top
F514,0.15,Disp,10.75,-20.54,top
F515,0.15,Disp,11.05,-20.54,top
F516,0.15,Disp,11.35,-20.54,top
F517,0.15,Disp,11.65,-20.54,top
F518,0.15,Disp,24.35,-20.54,top
F519,0.15,Disp,24.65,-20.54,top
F520,0.15,Disp,24.95,-20.54,top
F521,0.15,Disp,25.25,-20.54,top
F522,0.15,Disp,25.55,-20.54,top
F523,0.15,Disp,25.85,-20.54,top
F524,0.15,Disp,26.15,-20.54,top
F525,0.15,Disp,26.45,-20.54,top
F526,0.15,Disp,26.75,-20.54,top
F527,0.15,Disp,9.25,-20.12,top
F528,0.15,Disp,9.55,-20.12,top
F529,0.15,Disp,9.85,-20.12,top
F530,0.15,Disp,10.15,-20.12,top
F531,0.15,Disp,10.45,-20.12,top
F532,0.15,Disp,10.75,-20.12,top
F533,0.15,Disp,11.05,-20.12,top
F534,0.15,Disp,11.35,-20.12,top
F535,0.15,Disp,11.65,-20.12,top
F536,0.15,Disp,24.35,-20.12,top
F537,0.15,Disp,24.65,-20.12,top
F538,0.15,Disp,24.95,-20.12,top
F539,0.15,Disp,25.25,-20.12,top
F540,0.15,Disp,25.55,-20.12,top
F541,0.15,Disp,25.85,-20.12,top
F542,0.15,Disp,26.15,-20.12,top
F543,0.15,Disp,26.45,-20.12,top
F544,0.15,Disp,26.75,-20.12,top
F545,0.15,Disp,8.95,-19.82,top
F546,0.15,Disp,9.25,-19.82,top
F547,0.15,Disp,9.55,-19.82,top
F548,0.15,Disp,9.85,-19.82,top
F549,0.15,Disp,10.15,-19.82,top
F550,0.15,Disp,10.45,-19.82,top
F551,0.15,Disp,10.75,-19.82,top
F552,0.15,Disp,11.05,-19.82,top
F553,0.15,Disp,11.35,-19.82,top
F554,0.15,Disp,11.65,-19.82,top
F555,0.15,Disp,24.05,-19.82,top
F556,0.15,Disp,24.35,-19.82,top
F557,0.15,Disp,24.65,-19.82,top
F558,0.15,Disp,24.95,-19.82,top
F559,0.15,Disp,25.25,-19.82,top
F560,0.15,Disp,25.55,-19.82,top
F561,0.15,Disp,25.85,-19.82,top
F562,0.15,Disp,26.15,-19.82,top
F563,0.15,Disp,26.45,-19.82,top
F564,0.15,Disp,26.75,-19.82,top
F565,0.15,Disp,9.25,-19.52,top
F566,0.15,Disp,9.55,-19.52,top
F567,0.15,Disp,9.85,-19.52,top
F568,0.15,Disp,10.15,-19.52,top
F569,0.15,Disp,10.45,-19.52,top
F570,0.15,Disp,10.75,-19.52,top
F571,0.15,Disp,11.05,-19.52,top
F572,0.15,Disp,11.35,-19.52,top
F573,0.15,Disp,11.65,-19.52,top
F574,0.15,Disp,24.35,-19.52,top
F575,0.15,Disp,24.65,-19.52,top
F576,0.15,Disp,24.95,-19.52,top
F577,0.15,Disp,25.25,-19.52,top
F578,0.15,Disp,25.55,-19.52,top
F579,0.15,Disp,25.85,-19.52,top
F580,0.15,Disp,26.15,-19.52,top
F581,0.15,Disp,26.45,-19.52,top
F582,0.15,Disp,26.75,-19.52,top
F583,0.15,Disp,9.25,-19.1,top
F584,0.15,Disp,9.55,-19.1,top
F585,0.15,Disp,9.85,-19.1,top
F586,0.15,Disp,10.15,-19.1,top
F587,0.15,Disp,10.45,-19.1,top
F588,0.15,Disp,10.75,-19.1,top
F589,0.15,Disp,11.05,-19.1,top
F590,0.15,Disp,11.35,-19.1,top
F591,0.15,Disp,11.65,-19.1,top
F592,0.15,Disp,24.35,-19.1,top
F593,0.15,Disp,24.65,-19.1,top
F594,0.15,Disp,24.95,-19.1,top
F595,0.15,Disp,25.25,-19.1,top
F596,0.15,Disp,25.55,-19.1,top
F597,0.15,Disp,25.85,-19.1,top
F598,0.15,Disp,26.15,-19.1,top
F599,0.15,Disp,26.45,-19.1,top
F600,0.15,Disp,26.75,-19.1,top
F601,0.15,Disp,8.95,-18.8,top
F602,0.15,Disp,9.25,-18.8,top
F603,0.15,Disp,9.55,-18.8,top
F604,0.15,Disp,9.85,-18.8,top
F605,0.15,Disp,10.15,-18.8,top
F606,0.15,Disp,10.45,-18.8,top
F607,0.15,Disp,10.75,-18.8,top
F608,0.15,Disp,11.05,-18.8,top
F609,0.15,Disp,11.35,-18.8,top
F610,0.15,Disp,11.65,-18.8,top
F611,0.15,Disp,24.05,-18.8,top
F612,0.15,Disp,24.35,-18.8,top
F613,0.15,Disp,24.65,-18.8,top
F614,0.15,Disp,24.95,-18.8,top
F615,0.15,Disp,25.25,-18.8,top
F616,0.15,Disp,25.55,-18.8,top
F617,0.15,Disp,25.85,-18.8,top
F618,0.15,Disp,26.15,-18.8,top
F619,0.15,Disp,26.45,-18.8,top
F620,0.15,Disp,26.75,-18.8,top
F621,0.15,Disp,9.25,-18.5,top
F622,0.15,Disp,9.55,-18.5,top
F623,0.15,Disp,9.85,-18.5,top
F624,0.15,Disp,10.15,-18.5,top
F625,0.15,Disp,10.45,-18.5,top
F626,0.15,Disp,10.75,-18.5,top
F627,0.15,Disp,11.05,-18.5,top
F628,0.15,Disp,11.35,-18.5,top
F629,0.15,Disp,11.65,-18.5,top
F630,0.15,Disp,24.35,-18.5,top
F631,0.15,Disp,24.65,-18.5,top
F632,0.15,Disp,24.95,-18.5,top
F633,0.15,Disp,25.25,-18.5,top
F634,0.15,Disp,25.55,-18.5,top
F635,0.15,Disp,25.85,-18.5,top
F636,0.15,Disp,26.15,-18.5,top
F637,0.15,Disp,26.45,-18.5,top
F638,0.15,Disp,26.75,-18.5,top
F639,0.15,Disp,9.25,-18.08,top
F640,0.15,Disp,9.55,-18.08,top
F641,0.15,Disp,9.85,-18.08,top
F642,0.15,Disp,10.15,-18.08,top
F643,0.15,Disp,10.45,-18.08,top
F644,0.15,Disp,10.75,-18.08,top
F645,0.15,Disp,11.05,-18.08,top
F646,0.15,Disp,11.35,-18.08,top
F647,0.15,Disp,11.65,-18.08,top
F648,0.15,Disp,24.35,-18.08,top
F649,0.15,Disp,24.65,-18.08,top
F650,0.15,Disp,24.95,-18.08,top
F651,0.15,Disp,25.25,-18.08,top
F652,0.15,Disp,25.55,-18.08,top
F653,0.15,Disp,25.85,-18.08,top
F654,0.15,Disp,26.15,-18.08,top
F655,0.15,Disp,26.45,-18.08,top
F656,0.15,Disp,26.75,-18.08,top
F657,0.15,Disp,8.95,-17.78,top
F658,0.15,Disp,9.25,-17.78,top
F659,0.15,Disp,9.55,-17.78,top
F660,0.15,Disp,9.85,-17.78,top
F661,0.15,Disp,10.15,-17.78,top
F662,0.15,Disp,10.45,-17.78,top
F663,0.15,Disp,10.75,-17.78,top
F664,0.15,Disp,11.05,-17.78,top
F665,0.15,Disp,11.35,-17.78,top
F666,0.15,Disp,11.65,-17.78,top
F667,0.15,Disp,24.05,-17.78,top
F668,0.15,Disp,24.35,-17.78,top
F669,0.15,Disp,24.65,-17.78,top
F670,0.15,Disp,24.95,-17.78,top
F671,0.15,Disp,25.25,-17.78,top
F672,0.15,Disp,25.55,-17.78,top
F673,0.15,Disp,25.85,-17.78,top
F674,0.15,Disp,26.15,-17.78,top
F675,0.15,Disp,26.45,-17.78,top
F676,0.15,Disp,26.75,-17.78,top
F677,0.15,Disp,9.25,-17.48,top
F678,0.15,Disp,9.55,-17.48,top
F679,0.15,Disp,9.85,-17.48,top
F680,0.15,Disp,10.15,-17.48,top
F681,0.15,Disp,10.45,-17.48,top
F682,0.15,Disp,10.75,-17.48,top
F683,0.15,Disp,11.05,-17.48,top
F684,0.15,Disp,11.35,-17.48,top
F685,0.15,Disp,11.65,-17.48,top
F686,0.15,Disp,24.35,-17.48,top
F687,0.15,Disp,24.65,-17.48,top
F688,0.15,Disp,24.95,-17.48,top
F689,0.15,Disp,25.25,-17.48,top
F690,0.15,Disp,25.55,-17.48,top
F691,0.15,Disp,25.85,-17.48,top
F692,0.15,Disp,26.15,-17.48,top
F693,0.15,Disp,26.45,-17.48,top
F694,0.15,Disp,26.75,-17.48,top
F695,0.15,Disp,16.33,-14.865,top
F696,0.15,Disp,16.63,-14.865,top
F697,0.15,Disp,16.93,-14.865,top
F698,0.15,Disp,17.6,-14.865,top
F699,0.15,Disp,17.9,-14.865,top
F700,0.15,Disp,18.2,-14.865,top
F701,0.15,Disp,18.87,-14.865,top
F702,0.15,Disp,19.17,-14.865,top
F703,0.15,Disp,19.47,-14.865,top
F704,0.15,Disp,16.33,-14.565,top
F705,0.15,Disp,16.63,-14.565,top
F706,0.15,Disp,16.93,-14.565,top
F707,0.15,Disp,17.6,-14.565,top
F708,0.15,Disp,17.9,-14.565,top
F709,0.15,Disp,18.2,-14.565,top
F710,0.15,Disp,18.87,-14.565,top
F711,0.15,Disp,19.17,-14.565,top
F712,0.15,Disp,19.47,-14.565,top
F713,0.15,Disp,16.33,-14.265,top
F714,0.15,Disp,16.63,-14.265,top
F715,0.15,Disp,16.93,-14.265,top
F716,0.15,Disp,17.6,-14.265,top
F717,0.15,Disp,17.9,-14.265,top
F718,0.15,Disp,18.2,-14.265,top
F719,0.15,Disp,18.87,-14.265,top
F720,0.15,Disp,19.17,-14.265,top
F721,0.15,Disp,19.47,-14.265,top
F722,0.15,Disp,1.55,-14.1,top
F723,0.15,Disp,1.85,-14.1,top
F724,0.15,Disp,2.15,-14.1,top
F725,0.15,Disp,2.45,-14.1,top
F726,0.15,Disp,2.75,-14.1,top
F727,0.15,Disp,3.05,-14.1,top
F728,0.15,Disp,3.35,-14.1,top
F729,0.15,Disp,3.65,-14.1,top
F730,0.15,Disp,3.95,-14.1,top
F731,0.15,Disp,4.25,-14.1,top
F732,0.15,Disp,4.55,-14.1,top
F733,0.15,Disp,31.45,-14.1,top
F734,0.15,Disp,31.75,-14.1,top
F735,0.15,Disp,32.05,-14.1,top
F736,0.15,Disp,32.35,-14.1,top
F737,0.15,Disp,32.65,-14.1,top
F738,0.15,Disp,32.95,-14.1,top
F739,0.15,Disp,33.25,-14.1,top
F740,0.15,Disp,33.55,-14.1,top
F741,0.15,Disp,33.85,-14.1,top
F742,0.15,Disp,34.15,-14.1,top
F743,0.15,Disp,34.45,-14.1,top
F744,0.15,Disp,16.33,-13.965,top
F745,0.15,Disp,16.63,-13.965,top
F746,0.15,Disp,16.93,-13.965,top
F747,0.15,Disp,17.6,-13.965,top
F748,0.15,Disp,17.9,-13.965,top
F749,0.15,Disp,18.2,-13.965,top
F750,0.15,Disp,18.87,-13.965,top
F751,0.15,Disp,19.17,-13.965,top
F752,0.15,Disp,19.47,-13.965,top
F753,0.15,Disp,1.25,-13.8,top
F754,0.15,Disp,1.55,-13.8,top
F755,0.15,Disp,1.85,-13.8,top
F756,0.15,Disp,2.15,-13.8,top
F757,0.15,Disp,2.45,-13.8,top
F758,0.15,Disp,2.75,-13.8,top
F759,0.15,Disp,3.05,-13.8,top
F760,0.15,Disp,3.35,-13.8,top
F761,0.15,Disp,3.65,-13.8,top
F762,0.15,Disp,3.95,-13.8,top
F763,0.15,Disp,4.25,-13.8,top
F764,0.15,Disp,4.55,-13.8,top
F765,0.15,Disp,4.85,-13.8,top
F766,0.15,Disp,31.15,-13.8,top
F767,0.15,Disp,31.45,-13.8,top
F768,0.15,Disp,31.75,-13.8,top
F769,0.15,Disp,32.05,-13.8,top
F770,0.15,Disp,32.35,-13.8,top
F771,0.15,Disp,32.65,-13.8,top
F772,0.15,Disp,32.95,-13.8,top
F773,0.15,Disp,33.25,-13.8,top
F774,0.15,Disp,33.55,-13.8,top
F775,0.15,Disp,33.85,-13.8,top
F776,0.15,Disp,34.15,-13.8,top
F777,0.15,Disp,34.45,-13.8,top
F778,0.15,Disp,34.75,-13.8,top
F779,0.15,Disp,16.33,-13.665,top
F780,0.15,Disp,16.63,-13.665,top
F781,0.15,Disp,16.93,-13.665,top
F782,0.15,Disp,17.6,-13.665,top
F783,0.15,Disp,17.9,-13.665,top
F784,0.15,Disp,18.2,-13.665,top
F785,0.15,Disp,18.87,-13.665,top
F786,0.15,Disp,19.17,-13.665,top
F787,0.15,Disp,19.47,-13.665,top
F788,0.15,Disp,0.95,-13.5,top
F789,0.15,Disp,1.25,-13.5,top
F790,0.15,Disp,1.55,-13.5,top
F791,0.15,Disp,1.85,-13.5,top
F792,0.15,Disp,2.15,-13.5,top
F793,0.15,Disp,2.45,-13.5,top
F794,0.15,Disp,2.75,-13.5,top
F795,0.15,Disp,3.05,-13.5,top
F796,0.15,Disp,3.35,-13.5,top
F797,0.15,Disp,3.65,-13.5,top
F798,0.15,Disp,3.95,-13.5,top
F799,0.15,Disp,4.25,-13.5,top
F800,0.15,Disp,4.55,-13.5,top
F801,0.15,Disp,4.85,-13.5,top
F802,0.15,Disp,5.15,-13.5,top
F803,0.15,Disp,30.85,-13.5,top
F804,0.15,Disp,31.15,-13.5,top
F805,0.15,Disp,31.45,-13.5,top
F806,0.15,Disp,31.75,-13.5,top
F807,0.15,Disp,32.05,-13.5,top
F808,0.15,Disp,32.35,-13.5,top
F809,0.15,Disp,32.65,-13.5,top
F810,0.15,Disp,32.95,-13.5,top
F811,0.15,Disp,33.25,-13.5,top
F812,0.15,Disp,33.55,-13.5,top
F813,0.15,Disp,33.85,-13.5,top
F814,0.15,Disp,34.15,-13.5,top
F815,0.15,Disp,34.45,-13.5,top
F816,0.15,Disp,34.75,-13.5,top
F817,0.15,Disp,35.05,-13.5,top
F818,0.15,Disp,0.95,-13.2,top
F819,0.15,Disp,1.25,-13.2,top
F820,0.15,Disp,1.55,-13.2,top
F821,0.15,Disp,1.85,-13.2,top
F822,0.15,Disp,2.15,-13.2,top
F823,0.15,Disp,2.45,-13.2,top
F824,0.15,Disp,2.75,-13.2,top
F825,0.15,Disp,3.05,-13.2,top
F826,0.15,Disp,3.35,-13.2,top
F827,0.15,Disp,3.65,-13.2,top
F828,0.15,Disp,3.95,-13.2,top
F829,0.15,Disp,4.25,-13.2,top
F830,0.15,Disp,4.55,-13.2,top
F831,0.15,Disp,4.85,-13.2,top
F832,0.15,Disp,5.15,-13.2,top
F833,0.15,Disp,30.85,-13.2,top
F834,0.15,Disp,31.15,-13.2,top
F835,0.15,Disp,31.45,-13.2,top
F836,0.15,Disp,31.75,-13.2,top
F837,0.15,Disp,32.05,-13.2,top
F838,0.15,Disp,32.35,-13.2,top
F839,0.15,Disp,32.65,-13.2,top
F840,0.15,Disp,32.95,-13.2,top
F841,0.15,Disp,33.25,-13.2,top
F842,0.15,Disp,33.55,-13.2,top
F843,0.15,Disp,33.85,-13.2,top
F844,0.15,Disp,34.15,-13.2,top
F845,0.15,Disp,34.45,-13.2,top
F846,0.15,Disp,34.75,-13.2,top
F847,0.15,Disp,35.05,-13.2,top
F848,0.15,Disp,0.95,-12.9,top
F849,0.15,Disp,1.25,-12.9,top
F850,0.15,Disp,1.55,-12.9,top
F851,0.15,Disp,1.85,-12.9,top
F852,0.15,Disp,2.15,-12.9,top
F853,0.15,Disp,2.45,-12.9,top
F854,0.15,Disp,2.75,-12.9,top
F855,0.15,Disp,3.05,-12.9,top
F856,0.15,Disp,3.35,-12.9,top
F857,0.15,Disp,3.65,-12.9,top
F858,0.15,Disp,3.95,-12.9,top
F859,0.15,Disp,4.25,-12.9,top
F860,0.15,Disp,4.55,-12.9,top
F861,0.15,Disp,4.85,-12.9,top
F862,0.15,Disp,5.15,-12.9,top
F863,0.15,Disp,30.85,-12.9,top
F864,0.15,Disp,31.15,-12.9,top
F865,0.15,Disp,31.45,-12.9,top
F866,0.15,Disp,31.75,-12.9,top
F867,0.15,Disp,32.05,-12.9,top
F868,0.15,Disp,32.35,-12.9,top
F869,0.15,Disp,32.65,-12.9,top
F870,0.15,Disp,32.95,-12.9,top
F871,0.15,Disp,33.25,-12.9,top
F872,0.15,Disp,33.55,-12.9,top
F873,0.15,Disp,33.85,-12.9,top
F874,0.15,Disp,34.15,-12.9,top
F875,0.15,Disp,34.45,-12.9,top
F876,0.15,Disp,34.75,-12.9,top
F877,0.15,Disp,35.05,-12.9,top
F878,0.15,Disp,0.95,-12.6,top
F879,0.15,Disp,1.25,-12.6,top
F880,0.15,Disp,1.55,-12.6,top
F881,0.15,Disp,1.85,-12.6,top
F882,0.15,Disp,2.15,-12.6,top
F883,0.15,Disp,2.45,-12.6,top
F884,0.15,Disp,2.75,-12.6,top
F885,0.15,Disp,3.05,-12.6,top
F886,0.15,Disp,3.35,-12.6,top
F887,0.15,Disp,3.65,-12.6,top
F888,0.15,Disp,3.95,-12.6,top
F889,0.15,Disp,4.25,-12.6,top
F890,0.15,Disp,4.55,-12.6,top
F891,0.15,Disp,4.85,-12.6,top
F892,0.15,Disp,5.15,-12.6,top
F893,0.15,Disp,30.85,-12.6,top
F894,0.15,Disp,31.15,-12.6,top
F895,0.15,Disp,31.45,-12.6,top
F896,0.15,Disp,31.75,-12.6,top
F897,0.15,Disp,32.05,-12.6,top
F898,0.15,Disp,32.35,-12.6,top
F899,0.15,Disp,32.65,-12.6,top
F900,0.15,Disp,32.95,-12.6,top
F901,0.15,Disp,33.25,-12.6,top
F902,0.15,Disp,33.55,-12.6,top
F903,0.15,Disp,33.85,-12.6,top
F904,0.15,Disp,34.15,-12.6,top
F905,0.15,Disp,34.45,-12.6,top
F906,0.15,Disp,34.75,-12.6,top
F907,0.15,Disp,35.05,-12.6,top
F908,0.15,Disp,0.95,-12.3,top
F909,0.15,Disp,1.25,-12.3,top
F910,0.15,Disp,1.55,-12.3,top
F911,0.15,Disp,1.85,-12.3,top
F912,0.15,Disp,2.15,-12.3,top
F913,0.15,Disp,2.45,-12.3,top
F914,0.15,Disp,2.75,-12.3,top
F915,0.15,Disp,3.05,-12.3,top
F916,0.15,Disp,3.35,-12.3,top
F917,0.15,Disp,3.65,-12.3,top
F918,0.15,Disp,3.95,-12.3,top
F919,0.15,Disp,4.25,-12.3,top
F920,0.15,Disp,4.55,-12.3,top
F921,0.15,Disp,4.85,-12.3,top
F922,0.15,Disp,5.15,-12.3,top
F923,0.15,Disp,30.85,-12.3,top
F924,0.15,Disp,31.15,-12.3,top
F925,0.15,Disp,31.45,-12.3,top
F926,0.15,Disp,31.75,-12.3,top
F927,0.15,Disp,32.05,-12.3,top
F928,0.15,Disp,32.35,-12.3,top
F929,0.15,Disp,32.65,-12.3,top
F930,0.15,Disp,32.95,-12.3,top
F931,0.15,Disp,33.25,-12.3,top
F932,0.15,Disp,33.55,-12.3,top
F933,0.15,Disp,33.85,-12.3,top
F934,0.15,Disp,34.15,-12.3,top
F935,0.15,Disp,34.45,-12.3,top
F936,0.15,Disp,34.75,-12.3,top
F937,0.15,Disp,35.05,-12.3,top
F938,0.15,Disp,1.25,-12.0,top
F939,0.15,Disp,1.55,-12.0,top
F940,0.15,Disp,1.85,-12.0,top
F941,0.15,Disp,2.15,-12.0,top
F942,0.15,Disp,2.45,-12.0,top
F943,0.15,Disp,2.75,-12.0,top
F944,0.15,Disp,3.05,-12.0,top
F945,0.15,Disp,3.35,-12.0,top
F946,0.15,Disp,3.65,-12.0,top
F947,0.15,Disp,3.95,-12.0,top
F948,0.15,Disp,4.25,-12.0,top
F949,0.15,Disp,4.55,-12.0,top
F950,0.15,Disp,4.85,-12.0,top
F951,0.15,Disp,31.15,-12.0,top
F952,0.15,Disp,31.45,-12.0,top
F953,0.15,Disp,31.75,-12.0,top
F954,0.15,Disp,32.05,-12.0,top
F955,0.15,Disp,32.35,-12.0,top
F956,0.15,Disp,32.65,-12.0,top
F957,0.15,Disp,32.95,-12.0,top
F958,0.15,Disp,33.25,-12.0,top
F959,0.15,Disp,33.55,-12.0,top
F960,0.15,Disp,33.85,-12.0,top
F961,0.15,Disp,34.15,-12.0,top
F962,0.15,Disp,34.45,-12.0,top
F963,0.15,Disp,34.75,-12.0,top
F964,0.15,Disp,1.55,-11.7,top
F965,0.15,Disp,1.85,-11.7,top
F966,0.15,Disp,2.15,-11.7,top
F967,0.15,Disp,2.45,-11.7,top
F968,0.15,Disp,2.75,-11.7,top
F969,0.15,Disp,3.05,-11.7,top
F970,0.15,Disp,3.35,-11.7,top
F971,0.15,Disp,3.65,-11.7,top
F972,0.15,Disp,3.95,-11.7,top
F973,0.15,Disp,4.25,-11.7,top
F974,0.15,Disp,4.55,-11.7,top
F975,0.15,Disp,31.45,-11.7,top
F976,0.15,Disp,31.75,-11.7,top
F977,0.15,Disp,32.05,-11.7,top
F978,0.15,Disp,32.35,-11.7,top
F979,0.15,Disp,32.65,-11.7,top
F980,0.15,Disp,32.95,-11.7,top
F981,0.15,Disp,33.25,-11.7,top
F982,0.15,Disp,33.55,-11.7,top
F983,0.15,Disp,33.85,-11.7,top
F984,0.15,Disp,34.15,-11.7,top
F985,0.15,Disp,34.45,-11.7,top
F986,0.15,Disp,16.33,-11.435,top
F987,0.15,Disp,16.63,-11.435,top
F988,0.15,Disp,16.93,-11.435,top
F989,0.15,Disp,18.87,-11.435,top
F990,0.15,Disp,19.17,-11.435,top
F991,0.15,Disp,19.47,-11.435,top
F992,0.15,Disp,16.33,-11.135,top
F993,0.15,Disp,16.63,-11.135,top
F994,0.15,Disp,16.93,-11.135,top
F995,0.15,Disp,18.87,-11.135,top
F996,0.15,Disp,19.17,-11.135,top
F997,0.15,Disp,19.47,-11.135,top
F998,0.15,Disp,16.33,-10.835,top
F999,0.15,Disp,16.63,-10.835,top
F1000,0.15,Disp,16.93,-10.835,top
F1001,0.15,Disp,18.87,-10.835,top
F1002,0.15,Disp,19.17,-10.835,top
F1003,0.15,Disp,19.47,-10.835,top
F1004,0.15,Disp,16.33,-10.535,top
F1005,0.15,Disp,16.63,-10.535,top
F1006,0.15,Disp,16.93,-10.535,top
F1007,0.15,Disp,18.87,-10.535,top
F1008,0.15,Disp,19.17,-10.535,top
F1009,0.15,Disp,19.47,-10.535,top
F1010,0.15,Disp,16.33,-10.235,top
F1011,0.15,Disp,16.63,-10.235,top
F1012,0.15,Disp,16.93,-10.235,top
F1013,0.15,Disp,18.87,-10.235,top
F1014,0.15,Disp,19.17,-10.235,top
F1015,0.15,Disp,19.47,-10.235,top
